"fc9a824e-0cca-4a15-bf04-76905e96564c","Qu1etboy","Weerawong Vonggatunyu","1234","student","dark","Kanit","12","null","online","true"
"571f13c8-c65e-4d70-ad6d-f80daa89d65a","admin","admin","1234","admin","dark","Kanit","16","null","online","false"
"2e695776-9271-432c-8f35-036e1f83453c","teacher","teacher","1234","teacher","dark","Kanit","12","null","online","false"
"1c58c3a3-f168-4f03-af74-203ae3cd29c2","kong","kong","1234","teacher","light","Sarabun","16","null","online","false"
"b0e9479b-2956-4fdd-870c-b623b005ec56","Saccsos","Sacc","1234","teacher","dark","Kanit","16","null","online","false"
"6b541113-b635-4ca0-8941-0c3a0c4a3219","jane","jane","1234","teacher","dark","Kanit","12","null","online","false"
"7c52ae2c-21f3-4915-bbde-532d8f3cd566","scott","scott","1234","student","dark","Kanit","16","null","online","false"

"b3da072e-0677-47b5-bfce-5807e9b0cc14","admin","admin","1234","admin","null","snow","Kanit","16","null","null","false"
"b433f294-3a92-48fa-beff-5df55249bcc8","kong","Kong","1234","teacher","2","dark","Kanit","16","null","null","false"
"ec03f982-07b4-477e-982d-d51181719245","tom","tom","1234","teacher","3","dark","Kanit","16","null","null","false"
"cd524896-84df-42c7-9965-8e805f38ac42","Qu1etboy","Non","1234","student","null","dark","Kanit","16","null","null","true"